"","SampleID","Part","AnalysedRegionArea","AnalysedRegionWidth","AnalysedRegionHeight","Length","ProjArea","SurfArea","AvgDiam","LenPerVol","RootVolume.cm3.","Tips","Forks","Crossings","NofNodules","NumberOfClasses","L0_0.5","L0.5_1.0","L1.0_1.5","L1.5_2.0","L2.0_2.5","L2.5_3.0","L3.0_3.5","L3.5_4.0","L4.0_4.5","L_4.5","SA0_0.5","SA0.5_1.0","SA1.0_1.5","SA1.5_2.0","SA2.0_2.5","SA2.5_3.0","SA3.0_3.5","SA3.5_4.0","SA4.0_4.5","SA4.5","PA0_0.5","PA0.5_1.0","PA1.0_1.5","PA1.5_2.0","PA2.0_2.5","PA2.5_3.0","PA3.0_3.5","PA3.5_4.0","PA4.0_4.5","PA4.5","V0_0.5","V0.5_1.0","V1.0_1.5","V1.5_2.0","V2.0_2.5","V2.5_3.0","V3.0_3.5","V3.5_4.0","V4.0_4.5","V.4.5","T0_0.5","T0.5_1.0","T1.0_1.5","T1.5_2.0","T2.0_2.5","T2.5_3.0","T3.0_3.5","T3.5_4.0","T4.0_4.5","T4.5","GT","TMT","rep"
"1",4,1,1224.0589,40.6717,30.0961,6626.3795,604.4647,1898.9818,0.9122,6626.3795,43.307,21284,71696,6964,0,10,3768.4776,1391.0501,634.1032,331.4551,168.0066,90.2363,69.812,39.7689,29.4093,100.2457,256.6422,308.6448,243.381,178.8114,118.4143,77.3308,70.7037,46.6006,39.0884,227.6621,81.6917,98.2447,77.4706,56.9174,37.6925,24.6152,22.5057,14.8334,12.4422,72.4671,1.8098,5.6909,7.5239,7.731,6.6698,5.2857,5.7094,4.3514,4.1388,46.9971,20193,744,196,100,32,8,7,0,1,3,"PI313307","WW+",1
"2",5,1,1224.0589,40.6717,30.0961,3335.6642,144.8833,455.1644,0.4343,3335.6642,4.942,12851,19048,3516,0,10,2578.1969,508.7774,142.0211,51.4111,29.7022,8.6508,5.339,2.3025,2.6251,4.7374,145.9878,114.6353,54.4466,27.6835,20.8196,7.3628,5.3798,2.6863,3.442,9.649,46.4694,36.4895,17.3309,8.8119,6.6271,2.3436,1.7125,0.8551,1.0956,3.0714,0.8758,2.1407,1.6891,1.1951,1.1659,0.4998,0.4322,0.2499,0.3595,1.6729,12469,170,78,56,57,15,5,0,1,0,"PI313307","WW+",2
"3",6,3,1857.0914,64.9223,57.1977,14630.1463,737.9306,2318.2776,1.0078,14630.1463,29.316,43947,133407,22212,0,20,10648.9427,2595.9098,740.9022,333.0735,153.7532,64.0539,36.8833,17.9428,13.5237,18.5082,678.6552,570.1112,279.4424,179.2075,108.1474,54.7357,37.3988,20.9231,17.8152,34.7101,216.0226,181.472,88.9492,57.0436,34.4244,17.4229,11.9044,6.66,5.6708,11.0486,4.4579,10.397,8.4981,7.7288,6.0798,3.7309,3.0234,1.9442,1.87,5.4879,42647,905,230,105,41,13,5,0,0,1,"PI313307","WW+",3
"4",7,1,1224.0589,40.6717,30.0961,6704.57,369.3477,1160.34,0.5509,6704.57,15.98,19730,70648,11374,0,10,4634.62,1259.3226,424.6206,185.4165,88.4704,40.5081,27.52,15.4609,10.4076,14.9413,288.3722,274.9706,163.2545,99.8899,62.3786,34.7944,28.0031,18.1115,13.8423,27.4241,91.7917,87.5259,51.9655,31.7959,19.8557,11.0754,8.9137,5.7651,4.4061,8.7294,1.9284,4.9826,5.0566,4.3134,3.514,2.3843,2.2718,1.6907,1.4669,4.2621,19318,271,80,35,16,7,0,3,0,0,"PI535413","WW+",1
"5",8,1,1224.0589,40.6717,30.0961,5009.7156,177.8985,558.8847,0.3551,5009.7156,4.962,22337,34725,7504,0,10,4193.4738,526.3251,177.4985,59.4671,25.767,13.0175,4.8676,2.1213,1.1057,3.0068,216.0726,113.5761,67.3461,32.0417,18.2071,11.0692,4.83,2.449,1.4597,4.8343,68.778,36.1524,21.4369,10.1992,5.7955,3.5234,1.5374,0.7795,0.4646,1.5388,1.2407,2.0298,2.0622,1.3839,1.0282,0.7507,0.382,0.2253,0.1535,0.6212,21664,365,178,82,26,16,3,2,0,1,"PI535413","WW+",2
"6",9,1,1224.0589,40.6717,30.0961,7561.2218,349.0753,1096.6524,0.4617,7561.2218,12.657,28252,68615,11800,0,10,5686.6325,1187.6237,401.9262,167.9642,62.113,24.6726,12.0872,5.9689,2.3432,5.181,339.6717,254.9028,154.0159,90.2381,43.3629,21.1584,12.2369,7.0099,3.1149,8.7689,108.1209,81.1381,49.0248,28.7237,13.8028,6.7349,3.8951,2.2313,0.9915,2.7912,2.182,4.5367,4.7573,3.8851,2.4192,1.4472,0.9875,0.6564,0.33,1.1989,27276,647,204,84,23,13,4,1,0,0,"PI535413","WW+",3
"7",10,1,1224.0589,40.6717,30.0961,6597.9453,312.5611,981.9397,0.4737,6597.9453,11.629,21488,50392,8076,0,10,4844.1608,1184.621,342.8808,128.9243,53.954,19.1495,10.5354,4.2211,1.8601,4.0277,308.8685,261.555,129.393,69.2532,37.7799,16.3647,10.6324,4.9298,2.5229,8.4948,98.3159,83.2556,41.1871,22.044,12.0257,5.2091,3.3844,1.5692,0.8031,2.704,2.0601,4.7923,3.9358,2.9828,2.1132,1.1158,0.8557,0.4588,0.2725,1.6518,20979,354,88,38,17,8,3,1,0,0,"PI535447","WW+",1
"8",11,1,1224.0589,40.6717,30.0961,1526.466,97.2983,305.6716,0.6374,1526.466,4.871,6655,14222,7031,0,10,1073.0243,237.1294,72.8239,63.7145,45.9051,5.7502,1.9434,0.7949,0.6281,24.2814,64.5435,53.4816,26.704,36.1925,30.9038,4.8512,1.9449,0.9124,0.818,60.3242,20.5448,17.0237,8.5001,11.5204,9.837,1.5442,0.6191,0.2904,0.2604,19.2018,0.4071,0.9965,0.7915,1.6497,1.6617,0.3264,0.1553,0.0834,0.0849,12.0622,6511,102,17,10,11,2,0,0,0,2,"PI535447","WW+",2
"9",12,1,1224.0589,40.6717,30.0961,8762.1881,434.3475,1364.5429,0.4957,8762.1881,16.91,33355,72543,10884,0,10,6323.7626,1634.1637,469.2671,180.9245,72.631,36.5359,22.2296,6.7908,6.1061,5.0208,402.0256,360.9565,179.2842,96.8567,51.1001,31.6883,22.3084,7.8894,8.0837,8.4363,127.9687,114.896,57.0679,30.8305,16.2657,10.0867,7.101,2.5113,2.5731,2.6854,2.6787,6.61,5.5172,4.1557,2.8726,2.1937,1.7847,0.7303,0.853,1.1579,32316,730,211,53,33,7,5,0,0,0,"PI535447","WW+",3
"10",13,3,1900.8907,66.3458,57.2992,14587.9383,900.4961,2828.9919,1.2364,14587.9383,43.684,45409,144002,19370,0,20,9534.5686,3117.1464,948.0124,468.324,216.2013,115.9002,59.1489,41.4746,23.9319,54.6805,604.5137,683.4754,360.3525,252.444,152.2482,99.6211,59.9299,48.1801,31.7322,108.94,192.4227,217.557,114.7038,80.3555,48.4621,31.7104,19.0762,15.3362,10.1007,34.6767,4.0875,12.4267,11.0428,10.9093,8.5674,6.8307,4.8419,4.4597,3.3527,18.8752,43403,1369,355,185,62,15,12,5,3,0,"PI313250","WW+",1
"11",19,1,1224.0589,40.6717,30.0961,7653.847,569.2699,1788.414,0.7438,7653.847,33.254,24249,83367,9381,0,10,4705.3833,1605.1866,599.3641,301.6519,162.3811,88.9017,57.6254,31.6128,27.4329,70.944,313.5368,357.2423,226.8353,163.346,114.6401,76.1791,58.343,36.9009,36.3715,137.7949,99.8019,113.7138,72.2039,51.9946,36.4911,24.2486,18.5712,11.7459,11.5774,43.8615,2.1569,6.6045,6.9208,7.0909,6.4673,5.2068,4.7103,3.4323,3.8425,22.6303,23226,702,167,89,36,15,4,3,3,4,"PI281999","WW+",1
"12",20,1,1224.0589,40.6717,30.0961,9710.8162,458.2645,1439.6805,0.4719,9710.8162,16.985,45661,93978,15878,0,10,7533.3645,1322.4706,418.747,218.7178,92.981,46.0398,23.7883,12.5194,6.3121,28.3005,420.5773,285.3051,160.0792,118.0436,65.0155,39.5131,24.0735,14.5154,8.3158,61.1593,133.8739,90.8154,50.9548,37.5744,20.6951,12.5774,7.6628,4.6204,2.647,19.4676,2.5837,5.1131,4.9283,5.1074,3.6326,2.7053,1.9426,1.3409,0.8725,11.7826,44588,641,204,146,47,25,7,1,0,2,"PI281999","WW+",2
"13",21,3,1397.0737,66.6508,55.8782,11537.818,745.9984,2343.6234,1.2669,11537.818,38.567,44223,152722,22304,0,20,8054.4879,1907.2294,633.4778,378.2497,207.685,106.5259,72.3942,47.6677,31.8375,91.0116,483.9338,415.7577,242.7132,205.5712,146.142,91.4507,73.6498,55.6812,42.3392,181.1582,154.0409,132.3398,77.258,65.4353,46.5184,29.1097,23.4434,17.7239,13.477,57.6645,3.146,7.5259,7.4962,8.9559,8.2177,6.264,5.9754,5.183,4.486,32.0793,43174,743,166,87,31,14,8,0,0,0,"PI281999","WW+",3
"14",22,1,1224.0589,40.6717,30.0961,8560.6771,591.1482,1857.147,0.6905,8560.6771,32.061,21084,76446,8973,0,10,5236.6593,1847.1822,745.9891,351.3039,156.762,73.5865,52.3621,29.64,22.2918,40.2838,349.8434,415.1307,281.9107,189.3383,110.0375,63.3513,52.9352,34.6517,29.7046,76.6235,111.3586,132.1402,89.735,60.2682,35.026,20.1654,16.8498,11.03,9.4553,24.39,2.4123,7.7483,8.5859,8.1805,6.172,4.3509,4.2664,3.2281,3.1537,12.6846,20486,372,123,62,26,4,5,1,2,3,"PI136687","WW+",1
"15",23,1,1224.0589,40.6717,30.0961,7585.8494,477.3411,1499.6113,0.6293,7585.8494,23.591,19710,68931,8740,0,10,4829.7568,1642.9907,607.1509,258.5011,115.6529,53.816,31.5379,13.418,9.7977,20.5235,332.9903,365.6936,230.9571,138.7978,81.0011,46.3278,31.8429,15.665,12.9453,40.4895,105.9941,116.4039,73.5159,44.1807,25.7834,14.7466,10.1359,4.9863,4.1206,12.8882,2.3086,6.759,7.0827,5.9729,4.5331,3.1813,2.563,1.4574,1.3626,7.2826,18951,482,164,73,24,11,4,1,0,0,"PI136687","WW+",2
"16",24,1,1224.0589,40.6717,30.0961,7938.1411,556.5044,1748.3101,0.7011,7938.1411,30.641,19037,80002,9606,0,10,4867.9912,1723.0615,633.7033,311.7266,158.2606,82.1856,51.443,31.976,20.4723,54.0691,333.3469,380.522,242.7245,168.0098,111.484,70.4075,51.9899,37.4887,27.2724,99.9767,106.1076,121.1239,77.2616,53.4792,35.4865,22.4114,16.5489,11.933,8.6811,31.8236,2.3367,6.9741,7.4887,7.2601,6.276,4.812,4.1888,3.5025,2.8945,15.5915,18422,397,124,54,29,7,2,1,0,1,"PI136687","WW+",3
"17",52,6,2625.596,93.7993,84.0456,19289.0663,1266.215,3977.9317,1.9682,19289.0663,66.101,85355,208185,25737,0,30,13091.455,3591.3824,1216.154,626.5692,305.3266,146.1287,98.6897,58.9965,39.0527,101.3916,822.8615,785.292,464.4271,338.3684,215.3471,125.4436,100.1874,69.2842,52.4629,264.608,261.9249,249.9663,147.8316,107.7061,68.5471,39.9299,31.8906,22.0539,16.6994,84.2274,5.5072,14.254,14.2945,14.6501,12.1375,8.5905,8.1105,6.4846,5.615,81.785,81442,2897,646,249,76,30,13,0,2,0,"PI313307","Mi",1
"18",53,1,1224.0589,40.6717,30.0961,6999.5483,314.6364,988.4595,0.4495,6999.5483,11.108,24737,48214,8444,0,10,5332.4578,1110.0088,323.9423,133.7874,57.1351,18.8529,5.6751,3.5302,3.7968,7.2018,319.2555,239.3364,124.2077,71.983,39.9126,16.1722,5.793,4.1159,5.1163,17.4517,101.6222,76.1831,39.5366,22.9129,12.7046,5.1478,1.844,1.3101,1.6286,5.555,2.0173,4.2764,3.8324,3.1036,2.2275,1.1064,0.4716,0.3825,0.5494,3.8107,24017,387,157,97,55,19,1,2,0,2,"PI313307","Mi",2
"19",54,1,1224.0589,40.6717,30.0961,6970.8739,413.3539,1298.5896,0.593,6970.8739,19.251,14825,60357,8383,0,10,4514.637,1490.192,601.1713,199.5515,81.8147,32.7573,19.1331,9.1554,4.5645,15.6579,311.4731,332.0334,226.2102,107.124,57.4399,28.0715,19.1726,10.7578,6.0637,34.9387,99.145,105.6895,72.0049,34.0986,18.2837,8.9354,6.1028,3.4243,1.9301,11.1213,2.1487,6.1498,6.8597,4.6107,3.2222,1.9186,1.5318,1.0075,0.6417,7.3473,14398,268,89,48,12,8,0,1,0,1,"PI313307","Mi",3
"20",55,1,1224.0589,40.6717,30.0961,5851.8777,267.6298,840.7838,0.4573,5851.8777,9.613,23847,48530,8396,0,10,4363.2572,972.2827,278.5554,131.2316,59.724,16.0015,11.4532,5.3479,4.7389,5.9117,244.6889,211.7758,107.8246,69.9592,41.6589,13.7458,11.594,6.2292,6.2004,9.6195,77.8869,67.4103,34.3217,22.2687,13.2605,4.3754,3.6905,1.9828,1.9737,3.062,1.5176,3.8167,3.3659,2.9911,2.3212,0.9422,0.9361,0.5785,0.6465,1.2655,23064,503,147,79,32,14,4,0,4,0,"PI535413","Mi",1
"21",56,1,1224.0589,40.6717,30.0961,4003.8958,172.4918,541.8989,0.4308,4003.8958,5.836,15419,30885,5536,0,10,3084.2285,622.321,162.6125,79.8431,36.4726,9.0842,4.4197,1.8108,0.677,0.8228,184.2566,133.8716,62.1391,43.0986,25.2065,7.7329,4.4732,2.1723,0.8951,1.3296,58.6507,42.6126,19.7795,13.7187,8.0235,2.4615,1.4239,0.6915,0.2849,0.4232,1.1555,2.3857,1.9147,1.8646,1.392,0.525,0.3609,0.2075,0.0943,0.1728,15004,276,89,22,20,4,3,0,0,0,"PI535413","Mi",2
"22",57,1,1224.0589,40.6717,30.0961,5771.052,262.6249,825.0606,0.4551,5771.052,9.387,17233,55161,9688,0,10,4315.8376,975.6059,289.5968,112.4477,43.9388,13.0323,5.8845,4.0508,1.82,5.8776,268.5884,209.724,110.4453,60.457,30.6318,11.1345,5.9284,4.6996,2.4399,11.3509,85.4943,66.7572,35.1558,19.2441,9.7504,3.5442,1.8871,1.4959,0.7766,3.6131,1.7699,3.7404,3.3944,2.6053,1.7071,0.759,0.4762,0.4346,0.2608,1.8163,16865,229,85,33,14,5,0,0,0,2,"PI535413","Mi",3
"23",58,1,1224.0589,40.6717,30.0961,5059.1097,224.0144,703.762,0.4428,5059.1097,7.791,18988,36748,6288,0,10,3826.1969,862.7407,225.657,91.239,36.4132,7.9042,3.0003,2.0586,0,1.947,242.6766,189.0261,84.6369,48.4149,25.2411,6.7363,3.0766,2.3842,0,4.3332,77.2464,60.1689,26.9408,15.4109,8.0345,2.1442,0.9793,0.7589,0,1.3793,1.6001,3.4285,2.5628,2.0586,1.3978,0.458,0.2514,0.2201,0,0.8248,18653,258,45,22,3,4,1,0,0,0,"PI535447","Mi",1
"24",59,1,1224.0589,40.6717,30.0961,8407.661,430.603,1352.7794,0.5122,8407.661,17.321,20359,65714,10603,0,10,5933.8925,1705.8246,472.0887,165.4417,65.2823,27.0331,15.9144,7.2326,3.4174,8.5765,404.2681,374.0225,177.8393,88.8518,45.7081,23.2674,16.0738,8.4682,4.5323,15.4625,128.6825,119.0551,56.608,28.2824,14.5493,7.4062,5.1164,2.6955,1.4427,4.9219,2.7663,6.8116,5.4027,3.8251,2.5581,1.5972,1.2947,0.7902,0.4791,2.3563,19598,531,140,55,18,7,4,2,0,4,"PI535447","Mi",2
"25",60,1,1224.0589,40.6717,30.0961,7228.6212,367.7375,1155.2816,0.5087,7228.6212,14.693,19081,67967,10448,0,10,5034.9816,1478.8912,424.5552,180.578,56.5105,24.823,11.0142,7.2864,2.2175,4.6026,336.3531,324.0549,161.6957,96.6209,39.4938,21.1894,11.1631,8.4962,2.8323,8.6609,107.0645,103.1499,51.4693,30.7554,12.5713,6.7448,3.5533,2.7044,0.9015,2.7568,2.2925,5.8856,4.9625,4.1433,2.2061,1.4433,0.9024,0.7893,0.2878,1.3631,18720,262,76,17,3,2,1,0,0,0,"PI535447","Mi",3
"26",61,1,1224.0589,40.6717,30.0961,8847.3358,650.7192,2044.2946,0.7355,8847.3358,37.589,22334,93658,10543,0,10,5172.02,2148.188,698.8252,364.769,173.5051,93.0729,59.1068,43.6391,23.4994,67.4931,349.9736,477.3322,265.6967,197.5555,122.0164,80.1252,59.8217,51.0073,30.9831,133.1601,111.4001,151.9396,84.5739,62.8839,38.839,25.5046,19.0419,16.2361,9.8622,42.3862,2.4647,8.79,8.1414,8.5757,6.8572,5.5023,4.8283,4.7514,3.2551,22.6718,21578,547,129,43,17,7,9,3,1,0,"PI313250","Mi",1
"27",67,1,1224.0589,40.6717,30.0961,8635.5958,556.2346,1747.4625,0.6441,8635.5958,28.139,29365,92358,12568,0,10,5882.9254,1584.0925,542.9203,269.065,135.2597,69.6576,38.8171,29.0463,16.7726,60.7084,356.913,348.9056,207.0684,145.5492,95.0096,59.735,39.4358,34.0602,22.2987,142.3156,113.6089,111.0601,65.9119,46.3297,30.2425,19.0142,12.5528,10.8417,7.0979,45.3005,2.3379,6.3783,6.3632,6.3112,5.3329,4.0861,3.1948,3.1827,2.3619,29.6167,28719,427,108,70,24,9,3,1,2,2,"PI281999","Mi",1
"28",68,1,1224.0589,40.6717,30.0961,8548.8393,512.7088,1610.7223,0.5997,8548.8393,24.15,28043,101562,14580,0,10,5759.0674,1659.4514,558.6266,260.0408,136.9019,62.8532,39.1598,19.7186,14.4303,33.1245,361.5544,362.1806,213.3774,140.36,95.9704,54.0445,39.4128,23.3241,19.222,69.0324,115.0863,115.2857,67.9201,44.678,30.5483,17.2029,12.5455,7.4243,6.1186,21.9737,2.4183,6.5574,6.5713,6.0745,5.3758,3.7077,3.1629,2.1986,2.0402,13.0966,27210,563,158,68,30,7,4,2,1,0,"PI281999","Mi",2
"29",69,3,1499.2978,70.6671,55.6752,10418.9775,680.482,2137.7971,1.2909,10418.9775,34.992,41477,123172,16437,0,20,7173.6618,1831.62,569.7083,338.055,193.4973,98.61,62.6499,41.3102,26.7584,76.8467,439.0818,398.2604,217.2577,183.4696,136.2325,84.6283,63.1798,48.3887,35.2322,168.6168,139.7641,126.7702,69.1553,58.4003,43.3642,26.938,20.1108,15.4026,11.2147,53.6724,2.8806,7.1869,6.6775,7.9826,7.6638,5.7945,5.0798,4.5152,3.6956,34.0287,40032,942,254,146,68,23,10,2,0,0,"PI281999","Mi",3
"30",70,1,1224.0589,40.6717,30.0961,7661.8884,592.5024,1861.4013,0.7733,7661.8884,35.986,27098,77806,8153,0,10,4520.9766,1764.3984,617.2743,303.8492,158.1879,92.063,56.747,34.6877,26.6946,82.927,308.1833,390.9755,234.2177,163.9873,111.3763,79.2883,57.3391,40.7181,35.6051,167.2264,98.0978,124.4514,74.5538,52.1988,35.4522,25.2383,18.2516,12.961,11.3334,53.2298,2.1759,7.1935,7.1604,7.0934,6.2663,5.4472,4.6198,3.8087,3.7838,28.9043,26047,787,159,62,26,9,5,1,0,2,"PI136687","Mi",1
"31",71,1,1224.0589,40.6717,30.0961,4096.9006,188.6289,592.5951,0.4604,4096.9006,6.821,11586,21469,3907,0,10,3078.4599,672.6135,192.8467,86.889,34.1787,11.2274,6.5195,3.4935,1.8276,7.0347,185.0691,148.0289,73.9198,46.4639,24.0208,9.6535,6.5635,4.0683,2.4196,12.9054,58.9093,47.1191,23.5294,14.7899,7.6461,3.0728,2.0892,1.295,0.7702,4.1079,1.1524,2.7,2.2892,1.9905,1.3491,0.662,0.5269,0.3775,0.2552,2.0208,11294,141,60,58,22,6,2,0,2,1,"PI136687","Mi",2
"32",72,1,1224.0589,40.6717,30.0961,7140.3987,443.5084,1393.3226,0.6211,7140.3987,21.636,20177,61016,8104,0,10,4737.8551,1385.2406,517.1949,237.6535,109.6645,55.8661,36.8122,21.1591,12.9137,22.9149,316.3664,308.5407,199.1583,128.0748,77.1033,48.098,37.1903,24.7054,17.1713,43.3411,100.7026,98.2116,63.3941,40.7675,24.5427,15.3101,11.838,7.864,5.4658,13.7959,2.1402,5.7024,6.1796,5.5332,4.3327,3.3033,2.996,2.299,1.8191,7.2588,19405,526,136,74,24,7,4,1,0,0,"PI136687","Mi",3
"33",76,1,1224.0589,40.6717,30.0961,8342.9705,590.4442,1854.9352,0.7077,8342.9705,32.819,33662,86780,10194,0,10,5296.6495,1678.6846,612.9966,327.9171,160.3473,85.8877,65.5757,37.1241,21.0377,51.9334,341.0992,370.7628,232.775,176.8986,112.8865,73.7433,66.2634,43.5111,28.0162,110.7746,108.5752,118.0175,74.0946,56.3086,35.9329,23.4732,21.0923,13.85,8.9178,35.2606,2.3195,6.7959,7.1288,7.6489,6.3509,5.0502,5.3382,4.064,2.9726,20.8596,32064,1155,273,111,35,16,8,0,0,0,"PI313307","Mo",1
"34",77,1,1224.0589,40.6717,30.0961,10980.3768,597.3668,1876.6832,0.544,10980.3768,25.524,40601,117839,18093,0,10,7745.483,2023.0667,609.1481,293.6718,139.8951,68.7373,31.6151,18.1964,14.4404,27.5629,478.7555,437.3313,232.2037,158.3021,98.1551,58.9186,31.9867,21.2329,19.128,53.7257,152.3926,139.2069,73.9127,50.3891,31.2437,18.7544,10.1817,6.7586,6.0886,17.1014,3.1768,7.8487,7.1306,6.84,5.5038,4.029,2.5807,1.9743,2.0185,9.2322,39506,777,189,81,35,8,2,0,0,3,"PI313307","Mo",2
"35",78,1,1224.0589,40.6717,30.0961,10511.852,690.7284,2169.9871,0.6571,10511.852,35.647,27171,130702,18126,0,10,6703.1654,2152.7508,796.454,396.1938,199.0907,93.2474,52.1938,31.1281,23.0641,58.8696,434.0199,474.2395,304.0308,214.2509,140.1722,80.0502,53.0272,36.3159,30.6525,113.4886,138.1528,150.9551,96.776,68.1982,44.6182,25.4808,16.8791,11.5597,9.757,36.1245,2.9642,8.6722,9.3537,9.2899,7.8869,5.4815,4.295,3.3755,3.2459,18.7063,26629,385,90,46,13,5,2,0,0,1,"PI313307","Mo",3
"36",79,1,1224.0589,40.6717,30.0961,5063.5001,220.7194,693.4105,0.4359,5063.5001,7.556,19509,36483,6692,0,10,3821.2933,850.7192,229.7729,89.3719,51.3528,11.6174,4.8571,0.7222,0.5923,0.9214,223.393,186.4623,86.8342,48.3599,35.6184,9.9145,4.874,0.835,0.8132,1.463,71.1082,59.3528,27.6402,15.3934,11.3377,3.1559,1.5514,0.2658,0.2588,0.4657,1.4007,3.3911,2.645,2.0976,1.9722,0.6747,0.3897,0.0769,0.0889,0.186,18937,371,113,49,27,7,4,1,0,0,"PI535413","Mo",1
"37",80,1,1224.0589,40.6717,30.0961,1541.7026,104.8849,329.5057,0.6803,1541.7026,5.604,7083,11015,1515,0,10,1115.8833,207.5751,50.6342,48.1039,36.4694,48.0909,7.6725,3.4123,1.7668,21.7752,66.25,48.0639,18.8599,26.6724,25.3437,40.7429,7.7937,3.9773,2.3898,51.0831,21.088,15.2992,6.0033,8.4901,8.0671,12.9689,2.4808,1.266,0.7607,16.2603,0.4006,0.9193,0.5674,1.1848,1.4082,2.7537,0.6318,0.3694,0.2575,9.8302,6872,118,46,26,13,4,2,0,0,2,"PI535413","Mo",2
"38",81,1,1224.0589,40.6717,30.0961,8474.2964,412.2769,1295.2061,0.4865,8474.2964,15.753,20867,87659,15848,0,10,6210.2401,1464.6228,449.7722,188.1962,77.9247,34.5453,15.4793,11.5523,5.488,12.5425,385.4727,317.3759,170.3646,100.9956,54.543,29.6427,15.6165,13.438,7.3535,22.245,122.6998,101.0239,54.2287,32.1479,17.3616,9.4356,4.9709,4.2775,2.3407,7.0808,2.5261,5.7076,5.1984,4.3455,3.0503,2.0291,1.2558,1.2455,0.7848,3.2677,20508,230,79,40,8,1,1,0,0,0,"PI535413","Mo",3
"39",82,1,1224.0589,40.6717,30.0961,7572.8466,368.8027,1158.628,0.487,7572.8466,14.106,24171,63017,10332,0,10,5469.1404,1437.8966,388.4075,154.7482,63.5954,24.4839,11.034,4.9452,2.5233,12.2324,344.2709,318.2823,147.7486,82.681,44.6594,20.9339,11.1757,5.7968,3.3563,22.6423,109.5848,101.3124,47.0298,26.3182,14.2155,6.6635,3.5573,1.8452,1.0683,7.2073,2.2761,5.8415,4.5317,3.5414,2.5067,1.4274,0.9026,0.5417,0.3557,3.5404,23512,472,114,44,21,6,1,0,1,0,"PI535447","Mo",1
"40",83,1,1224.0589,40.6717,30.0961,8257.2186,398.4813,1251.8658,0.4826,8257.2186,15.103,31029,73637,11278,0,10,6036.8441,1519.4777,422.2419,160.8546,65.651,26.1079,12.2058,4.3273,2.6227,2.5488,390.4804,330.2302,160.8187,86.2928,45.9244,22.0495,12.2627,5.033,3.5062,4.5663,124.2938,105.1155,51.1902,27.4679,14.6182,7.0186,3.9033,1.6021,1.116,1.4535,2.6368,5.9531,4.9341,3.7118,2.5671,1.4848,0.9822,0.4665,0.3737,0.6784,30082,671,153,74,33,9,5,2,0,0,"PI535447","Mo",2
"41",84,1,1224.0589,40.6717,30.0961,7054.6241,386.3936,1213.8913,0.5477,7054.6241,16.622,17250,69564,10231,0,10,4688.6298,1596.3589,448.0257,176.085,72.99,30.862,14.5809,9.3397,5.4142,9.2084,312.6319,351.1591,170.8,95.1044,51.1223,26.4668,14.6433,10.8422,7.1079,16.8239,99.5138,111.7774,54.3673,30.2727,16.2727,8.4246,4.6611,3.4512,2.2625,5.3552,2.1447,6.3969,5.2465,4.1172,2.8618,1.8105,1.1729,1.0028,0.7433,2.5328,16720,374,109,34,10,1,1,0,1,0,"PI535447","Mo",3
"42",85,1,1224.0589,40.6717,30.0961,8700.4399,594.6016,1867.9959,0.6834,8700.4399,31.915,26283,98651,12647,0,10,5631.2027,1735.2216,587.893,315.2416,161.8201,88.1998,55.0048,36.0756,20.7736,64.044,352.9658,381.3826,224.2375,170.8448,113.8728,75.6761,55.5159,42.3375,27.597,131.5405,112.3525,121.3979,71.377,54.3816,36.2469,24.0885,17.6712,13.4764,8.7844,41.8707,2.3696,6.9507,6.8962,7.4223,6.4025,5.1786,4.4677,3.9596,2.9215,23.5865,25429,602,152,68,20,11,1,0,0,0,"PI313250","Mo",1
"43",91,3,1760.3949,72.9041,48.1131,11482.3527,882.8438,2773.5357,1.5357,11482.3527,54.94,53074,140772,15579,0,20,7324.6315,2279.5839,806.043,434.1433,223.1924,114.7102,84.5823,43.4959,32.8154,130.8631,456.2647,504.5594,306.8899,234.1042,157.2938,98.3963,85.4367,50.6694,43.9369,330.3421,145.2336,160.6062,97.6861,74.5176,50.0682,31.3205,27.1953,16.1286,13.9855,105.1511,3.0586,9.2651,9.4188,10.1192,8.8585,6.733,6.8807,4.704,4.6863,87.6305,50498,1932,408,154,47,22,8,1,3,1,"PI281999","Mo",1
"44",92,1,1224.0589,40.6717,30.0961,2506.9525,124.6401,391.5684,0.4972,2506.9525,4.867,10040,15908,2658,0,10,1859.28,382.1411,124.5954,82.5482,33.4839,8.9712,6.8125,2.5008,2.8005,3.1187,112.1836,84.4455,48.8153,44.7693,23.1609,7.6443,6.8855,2.9504,3.7032,5.1735,35.7091,26.8799,15.5384,14.2505,7.3723,2.4333,2.1917,0.9392,1.1788,1.6468,0.7043,1.5452,1.54,1.9461,1.2803,0.5196,0.5547,0.2773,0.39,0.7014,9512,350,92,47,31,2,1,1,3,1,"PI281999","Mo",2
"45",93,6,2709.1697,105.9499,84.5532,22464.1068,1174.4157,3689.5355,1.5729,22464.1068,48.569,76936,266346,43805,0,30,16341.7918,3756.8562,1174.4387,585.5658,280.1488,121.7213,69.0146,41.2693,25.684,54.1128,1003.6504,812.9325,446.7201,316.6638,196.0344,104.5339,69.5686,48.2609,34.1864,104.9758,319.4719,258.7645,142.1954,100.7973,62.3997,33.2742,22.1443,15.3619,10.8818,33.4149,6.5691,14.6006,13.6938,13.7271,10.961,7.1611,5.5922,4.4985,3.6266,17.6294,75434,1104,233,114,37,10,4,0,0,0,"PI281999","Mo",3
"46",94,1,1224.0589,40.6717,30.0961,6935.6147,469.3978,1474.6566,0.6768,6935.6147,24.951,24422,59989,7101,0,10,4463.9612,1402.7995,531.3731,230.745,107.0965,61.8248,43.7422,31.8584,16.8341,42.6555,298.0702,311.9441,202.5364,124.3053,75.0201,53.3072,44.561,37.2892,22.1825,85.8696,94.8787,99.2949,64.4693,39.5676,23.8797,16.9682,14.1842,11.8695,7.0609,27.3332,2.0501,5.7646,6.217,5.3682,4.1979,3.6664,3.6201,3.478,2.3288,15.4586,23559,620,149,59,21,9,2,1,1,1,"PI136687","Mo",1
"47",95,1,1224.0589,40.6717,30.0961,5537.5158,294.3971,924.8756,0.5316,5537.5158,12.293,21130,37518,5728,0,10,4054.2044,885.4824,283.2946,139.5732,75.4362,41.688,21.3821,9.7193,8.5607,16.0053,244.6423,193.8959,109.1391,75.7052,53.0622,35.5592,21.5733,11.3217,11.2832,31.1822,77.8721,61.719,34.7401,24.0977,16.8902,11.3188,6.867,3.6038,3.5915,9.9256,1.5532,3.5212,3.3862,3.2903,2.9826,2.4189,1.7354,1.0509,1.1847,5.3515,20524,356,108,72,47,12,5,3,2,1,"PI136687","Mo",2
"48",96,3,1791.2776,64.1088,55.8782,8924.2199,556.5455,1748.4393,1.2462,8924.2199,27.262,31841,76904,9845,0,20,5933.4203,1879.583,536.0623,252.3148,132.7427,68.3069,40.8339,24.2517,13.4328,39.3092,414.8354,408.0387,202.9631,136.176,93.4524,58.4834,41.3647,28.3097,17.8608,80.9994,132.0462,129.8827,64.6051,43.3462,29.7468,18.6159,13.1668,9.0112,5.6852,25.7829,2.9239,7.3554,6.1948,5.892,5.2576,3.9943,3.341,2.6332,1.8919,14.7854,30322,1072,250,102,54,20,8,8,3,2,"PI136687","Mo",3
"49",100,1,1224.0589,40.6717,30.0961,8454.4773,635.7627,1997.3074,0.752,8454.4773,37.549,25508,97804,10622,0,10,4957.9861,1879.8161,732.8065,390.6075,190.2607,108.4953,67.1697,36.0305,23.9028,62.9145,328.6247,417.2809,278.688,211.1215,133.8291,93.3643,68.119,41.8711,31.7115,119.745,104.6045,132.8246,88.7092,67.2021,42.5991,29.7188,21.6829,13.328,10.0941,38.116,2.2879,7.6882,8.5442,9.1463,7.5219,6.4091,5.509,3.8779,3.3517,19.2429,24627,660,136,54,20,8,3,0,0,0,"PI313307","S",1
"50",101,3,1769.7817,62.6854,56.4872,17755.947,905.6096,2845.0566,1.0148,17755.947,36.426,119426,212016,30202,0,20,12954.796,3039.0639,899.9585,431.4692,195.6205,100.0007,52.5209,25.4296,20.5358,19.6262,794.0524,662.8608,341.9847,232.678,137.8516,85.8115,53.2427,29.6301,27.2197,34.797,252.7547,210.9951,108.8571,74.0637,43.8795,27.3147,16.9476,9.4315,8.6643,11.0762,5.2146,12.0021,10.4729,10.0578,7.7629,5.8738,4.3043,2.751,2.8746,5.0705,117405,1608,251,106,35,12,2,3,1,2,"PI313307","S",2
"51",102,3,1830.3138,64.7697,56.538,14080.4601,659.0633,2070.5085,0.9354,14080.4601,24.336,43525,123502,21593,0,20,10559.2606,2442.0286,584.4907,276.0811,113.1172,45.1627,21.2343,15.7432,6.3879,11.001,687.4981,524.3555,221.3635,148.503,79.1298,38.6757,21.669,18.2637,8.4455,22.9486,218.8374,166.9076,70.4622,47.27,25.1878,12.3109,6.8975,5.8135,2.6883,7.3048,4.5731,9.3407,6.7572,6.4021,4.423,2.6421,1.7637,1.6883,0.8897,4.0927,42630,657,126,74,27,3,4,1,1,2,"PI313307","S",3
"52",103,1,1224.0589,40.6717,30.0961,3291.2948,165.2909,519.2766,0.5022,3291.2948,6.52,12099,24481,4463,0,10,2560.8709,413.2311,117.2351,94.3464,52.553,10.6321,6.3577,3.2695,0.5164,30.5647,141.3929,92.8765,43.5435,51.9668,36.1338,9.1479,6.4306,3.7884,0.6412,73.2918,45.0068,29.5635,13.8603,16.5416,11.5017,2.9119,2.0469,1.2059,0.2041,23.3295,0.8295,1.7306,1.3063,2.2937,1.9838,0.6276,0.5184,0.3496,0.063,14.3442,11856,175,23,22,14,4,3,0,0,2,"PI535413","S",1
"53",104,1,1224.0589,40.6717,30.0961,2147.1354,82.4303,258.9624,0.3839,2147.1354,2.485,12081,13014,2466,0,10,1697.7615,291.7213,111.7607,22.5715,14.051,5.2363,1.6998,0.5235,0.3171,0.3282,86.2164,63.5341,42.0182,12.0072,10.1609,4.403,1.6959,0.626,0.4045,0.5061,27.4435,20.2235,13.3748,3.822,3.2343,1.4015,0.5398,0.1993,0.1288,0.1611,0.4834,1.1379,1.2767,0.5117,0.5873,0.2955,0.1349,0.0596,0.0411,0.0621,11793,156,62,43,24,1,2,0,0,0,"PI535413","S",2
"54",105,1,1084.51,38.994,27.8122,7365.9119,398.6007,1252.241,0.5411,7365.9119,16.941,14819,87505,14319,0,10,5046.4903,1494.9281,448.5789,195.27,87.2489,40.3503,19.94,10.4397,7.3149,11.589,332.6074,324.6601,170.5762,104.7475,61.2515,34.6709,20.1812,12.2763,9.6572,20.1555,105.8722,103.3425,54.2961,33.3422,19.497,11.0361,6.4239,3.9077,3.074,6.4157,2.2952,5.8485,5.2266,4.5036,3.4367,2.3765,1.6289,1.1502,1.0156,2.9074,14563,188,47,10,8,3,0,0,0,0,"PI535413","S",3
"55",106,1,1224.0589,40.6717,30.0961,4741.2005,235.7337,740.5791,0.4972,4741.2005,9.205,27695,37910,5636,0,10,3400.8901,935.3365,248.2829,78.4386,32.6863,16.8202,11.0478,6.7547,3.0419,5.3318,211.7221,200.5197,94.4082,42.0704,22.8936,14.2965,11.2491,7.8649,3.9914,14.4009,67.3932,63.8274,30.0511,13.3914,7.2873,4.5507,3.5807,2.5035,1.2705,4.5839,1.3781,3.5577,2.8891,1.8089,1.2821,0.9687,0.9131,0.7297,0.4172,3.5126,26960,572,112,36,3,9,2,1,0,0,"PI535447","S",1
"56",107,1,1224.0589,40.6717,30.0961,3359.2493,127.7947,401.479,0.3804,3359.2493,3.818,15316,20601,4053,0,10,2693.2017,488.1998,105.3485,50.9841,14.1216,2.1683,1.5965,0.5534,0.8632,0.82,154.8996,105.0883,40.7514,26.5029,9.8973,1.8372,1.6337,0.6566,1.0964,1.3108,49.3061,33.4507,12.9716,8.4361,3.1504,0.5848,0.52,0.209,0.349,0.4172,0.9563,1.8773,1.2758,1.1035,0.5543,0.1242,0.1334,0.062,0.1108,0.1694,14941,249,83,32,10,1,0,0,0,0,"PI535447","S",2
"57",108,1,1224.0589,40.6717,30.0961,10996.0235,567.9732,1784.3404,0.5165,10996.0235,23.041,48129,118421,17247,0,10,7743.9807,2103.6954,656.8435,264.755,116.5102,48.3348,24.235,11.0038,6.4952,11.6246,478.6971,462.8287,248.6678,142.1163,81.4045,41.3353,24.4163,12.9658,8.7253,22.0611,152.374,147.323,79.1534,45.237,25.9119,13.1574,7.7719,4.1271,2.7773,7.0223,3.1703,8.4476,7.587,6.1148,4.5453,2.8205,1.9616,1.2176,0.9337,3.4884,46849,962,215,82,14,4,1,1,1,0,"PI535447","S",3
"58",109,1,1224.0589,40.6717,30.0961,4741.2005,235.7337,740.5791,0.4972,4741.2005,9.205,27695,37910,5636,0,10,3400.8901,935.3365,248.2829,78.4386,32.6863,16.8202,11.0478,6.7547,3.0419,5.3318,211.7221,200.5197,94.4082,42.0704,22.8936,14.2965,11.2491,7.8649,3.9914,14.4009,67.3932,63.8274,30.0511,13.3914,7.2873,4.5507,3.5807,2.5035,1.2705,4.5839,1.3781,3.5577,2.8891,1.8089,1.2821,0.9687,0.9131,0.7297,0.4172,3.5126,26960,572,112,36,3,9,2,1,0,0,"PI313250","S",1
"59",115,1,1224.0589,40.6717,30.0961,8475.4517,604.3559,1898.64,0.7131,8475.4517,33.846,32544,109405,13329,0,10,5428.6622,1638.996,615.1892,324.5864,156.5104,87.9884,67.2394,37.0043,28.6515,84.3753,337.5954,360.246,235.833,174.7491,110.2451,75.3722,68.2033,43.2972,38.2626,162.8959,107.46,114.6699,75.068,55.6244,35.0921,23.9917,21.7098,13.7819,12.1794,51.8514,2.2745,6.575,7.2911,7.5412,6.2067,5.1505,5.518,4.0371,4.0717,26.588,31530,744,169,63,25,6,3,1,1,1,"PI281999","S",1
"60",116,1,1224.0589,40.6717,30.0961,7065.8118,296.8789,932.6725,0.4202,7065.8118,9.797,32666,57253,10844,0,10,5614.9365,955.2451,267.9889,122.709,48.9145,21.0194,9.3846,4.7116,5.129,11.1728,309.1573,206.6098,102.944,65.626,34.5194,18.0266,9.4419,5.4282,6.7849,23.8225,98.4078,65.7659,32.7681,20.8894,10.9879,5.738,3.0054,1.7278,2.1597,7.5829,1.8764,3.7042,3.1884,2.8128,1.9464,1.2329,0.7574,0.4981,0.7155,4.4062,31891,480,163,68,37,17,6,1,1,2,"PI281999","S",2
"61",117,3,1455.4599,64.8715,56.5379,11539.3282,737.0109,2315.3878,1.2693,11539.3282,37.067,43317,151432,20707,0,20,7837.0118,2038.1085,691.7323,404.1395,211.2183,125.7746,72.5329,49.0774,34.7571,67.1618,478.6089,444.5628,264.3178,218.7731,148.5382,107.9997,73.5075,57.5603,46.1959,127.8899,152.3459,141.5087,84.135,69.6376,47.2812,34.3774,23.3982,18.322,14.7046,40.7087,3.1449,8.0478,8.1418,9.4912,8.3493,7.3981,5.9409,5.3799,4.8923,20.6773,42490,607,106,72,27,12,3,0,0,0,"PI281999","S",3
"62",118,1,1224.0589,40.6717,30.0961,7445.8948,479.9546,1507.8217,0.6446,7445.8948,24.298,23125,65617,8191,0,10,4661.9175,1745.0705,530.2172,238.6877,111.4101,55.3663,29.4011,20.166,10.6772,39.157,310.2023,388.1198,201.6751,128.2292,78.2267,47.4885,29.9436,23.6481,14.3107,77.382,98.7405,123.5424,64.1952,40.8166,24.9003,15.1161,9.5314,7.5274,4.5552,24.6315,2.1534,7.1584,6.1844,5.5226,4.3893,3.2501,2.4319,2.2103,1.5284,13.1462,22123,724,168,68,25,12,3,1,1,0,"PI136687","S",1
"63",119,1,1224.0589,40.6717,30.0961,7127.4924,353.6567,1111.0452,0.4962,7127.4924,13.782,17875,54640,9368,0,10,5231.0558,1205.1366,412.2352,149.3317,63.0002,27.4654,17.1587,9.2844,3.9788,6.2938,339.6375,262.597,158.382,79.8174,44.0491,23.5407,17.2634,10.762,5.218,11.6405,108.11,83.5872,50.4146,25.4067,14.0213,7.4932,5.4951,3.4256,1.661,3.7053,2.2408,4.7488,4.9039,3.4193,2.4609,1.6092,1.3849,0.9942,0.5449,1.8733,17418,289,95,39,22,7,3,1,0,1,"PI136687","S",2
"64",120,1,1104.3003,38.994,28.3197,8418.4898,497.3672,1562.5252,0.5908,8418.4898,23.079,16528,80150,11642,0,10,5534.8411,1882.2994,525.8113,234.4061,108.7065,53.8679,30.5393,16.8967,9.7144,17.9846,390.6099,413.1379,198.9561,125.7424,76.5244,46.1899,30.8914,19.8264,12.8626,39.542,124.335,131.5059,63.3297,40.025,24.3585,14.7027,9.833,6.311,4.0943,12.5866,2.7776,7.5265,6.0678,5.4072,4.3041,3.1595,2.4922,1.8543,1.357,7.9625,16078,318,86,29,11,4,1,1,0,0,"PI136687","S",3
